SET SQL_MODE = 'NO_AUTO_VALUE_ON_ZERO';
START TRANSACTION;
SET time_zone = '+00:00';
/*!40101 SET NAMES utf8mb4 */;

CREATE TABLE `categories` (`category_id` int(10) UNSIGNED NOT NULL AUTO_INCREMENT, `name` varchar(120) NOT NULL, PRIMARY KEY (`category_id`), UNIQUE KEY `name` (`name`)) ENGINE=InnoDB DEFAULT CHARSET=utf8mb4 COLLATE=utf8mb4_general_ci;
CREATE TABLE `manufacturers` (`manufacturer_id` int(10) UNSIGNED NOT NULL AUTO_INCREMENT, `name` varchar(120) NOT NULL, PRIMARY KEY (`manufacturer_id`), UNIQUE KEY `name` (`name`)) ENGINE=InnoDB DEFAULT CHARSET=utf8mb4 COLLATE=utf8mb4_general_ci;
CREATE TABLE `suppliers` (`supplier_id` int(10) UNSIGNED NOT NULL AUTO_INCREMENT, `name` varchar(120) NOT NULL, PRIMARY KEY (`supplier_id`), UNIQUE KEY `name` (`name`)) ENGINE=InnoDB DEFAULT CHARSET=utf8mb4 COLLATE=utf8mb4_general_ci;
CREATE TABLE `roles` (`role_id` tinyint(3) UNSIGNED NOT NULL AUTO_INCREMENT, `role_name` varchar(60) NOT NULL, PRIMARY KEY (`role_id`), UNIQUE KEY `role_name` (`role_name`)) ENGINE=InnoDB DEFAULT CHARSET=utf8mb4 COLLATE=utf8mb4_general_ci;
CREATE TABLE `users` (`user_id` int(10) UNSIGNED NOT NULL AUTO_INCREMENT, `role_id` tinyint(3) UNSIGNED NOT NULL, `full_name` varchar(200) NOT NULL, `login` varchar(120) NOT NULL, `password_plain` varchar(120) NOT NULL, PRIMARY KEY (`user_id`), UNIQUE KEY `login` (`login`), KEY `fk_users_roles` (`role_id`)) ENGINE=InnoDB DEFAULT CHARSET=utf8mb4 COLLATE=utf8mb4_general_ci;
CREATE TABLE `products` (`product_id` int(10) UNSIGNED NOT NULL AUTO_INCREMENT, `article` varchar(50) NOT NULL, `name` varchar(200) NOT NULL, `unit_name` varchar(20) NOT NULL, `price` decimal(12,2) DEFAULT NULL, `supplier_id` int(10) UNSIGNED NOT NULL, `manufacturer_id` int(10) UNSIGNED NOT NULL, `category_id` int(10) UNSIGNED NOT NULL, `discount_percent` decimal(5,2) DEFAULT NULL, `stock_quantity` int(11) DEFAULT NULL, `description_text` text DEFAULT NULL, `photo_file` varchar(255) DEFAULT NULL, PRIMARY KEY (`product_id`), UNIQUE KEY `article` (`article`), KEY `fk_products_manufacturers` (`manufacturer_id`), KEY `idx_products_supplier` (`supplier_id`), KEY `idx_products_category` (`category_id`)) ENGINE=InnoDB DEFAULT CHARSET=utf8mb4 COLLATE=utf8mb4_general_ci;
CREATE TABLE `order_statuses` (`status_id` tinyint(3) UNSIGNED NOT NULL AUTO_INCREMENT, `status_name` varchar(60) DEFAULT NULL, PRIMARY KEY (`status_id`), UNIQUE KEY `status_name` (`status_name`)) ENGINE=InnoDB DEFAULT CHARSET=utf8mb4 COLLATE=utf8mb4_general_ci;
CREATE TABLE `pickup_points` (`pickup_point_id` int(10) UNSIGNED NOT NULL AUTO_INCREMENT, `address_text` varchar(255) DEFAULT NULL, PRIMARY KEY (`pickup_point_id`), UNIQUE KEY `address_text` (`address_text`)) ENGINE=InnoDB DEFAULT CHARSET=utf8mb4 COLLATE=utf8mb4_general_ci;
CREATE TABLE `orders` (`order_id` int(10) UNSIGNED NOT NULL AUTO_INCREMENT, `order_number` int(10) UNSIGNED NOT NULL, `article_text` varchar(255) NOT NULL, `order_date` date DEFAULT NULL, `delivery_date` date DEFAULT NULL, `pickup_point_id` int(10) UNSIGNED NOT NULL, `client_user_id` int(10) UNSIGNED DEFAULT NULL, `pickup_code` int(10) UNSIGNED NOT NULL, `status_id` tinyint(3) UNSIGNED NOT NULL, PRIMARY KEY (`order_id`), UNIQUE KEY `order_number` (`order_number`), KEY `fk_orders_pickup_points` (`pickup_point_id`), KEY `fk_orders_users` (`client_user_id`), KEY `idx_orders_status` (`status_id`)) ENGINE=InnoDB DEFAULT CHARSET=utf8mb4 COLLATE=utf8mb4_general_ci;
CREATE TABLE `order_items` (`order_item_id` int(10) UNSIGNED NOT NULL AUTO_INCREMENT, `order_id` int(10) UNSIGNED NOT NULL, `product_id` int(10) UNSIGNED NOT NULL, `quantity` int(11) DEFAULT NULL, PRIMARY KEY (`order_item_id`), UNIQUE KEY `uk_order_product` (`order_id`,`product_id`), KEY `idx_order_items_product` (`product_id`)) ENGINE=InnoDB DEFAULT CHARSET=utf8mb4 COLLATE=utf8mb4_general_ci;

CREATE TABLE `products_import_raw` (`article_text` varchar(60), `name_text` varchar(200), `unit_text` varchar(20), `price_text` varchar(40), `supplier_text` varchar(120), `manufacturer_text` varchar(120), `category_text` varchar(120), `discount_text` varchar(40), `stock_text` varchar(40), `description_text` text, `photo_text` varchar(120)) ENGINE=InnoDB DEFAULT CHARSET=utf8mb4 COLLATE=utf8mb4_general_ci;
CREATE TABLE `users_import_raw` (`role_name` varchar(100), `full_name` varchar(200), `login_text` varchar(120), `password_text` varchar(120)) ENGINE=InnoDB DEFAULT CHARSET=utf8mb4 COLLATE=utf8mb4_general_ci;
CREATE TABLE `orders_import_raw` (`raw_id` int(10) UNSIGNED NOT NULL AUTO_INCREMENT, `order_number_text` varchar(40), `articles_text` varchar(255), `order_date_text` varchar(40), `delivery_date_text` varchar(40), `pickup_point_text` varchar(40), `client_fio_text` varchar(200), `pickup_code_text` varchar(40), `status_text` varchar(80), PRIMARY KEY (`raw_id`)) ENGINE=InnoDB DEFAULT CHARSET=utf8mb4 COLLATE=utf8mb4_general_ci;
CREATE TABLE `pickup_points_import_raw` (`raw_id` int(10) UNSIGNED NOT NULL AUTO_INCREMENT, `address_text` varchar(255), PRIMARY KEY (`raw_id`)) ENGINE=InnoDB DEFAULT CHARSET=utf8mb4 COLLATE=utf8mb4_general_ci;

INSERT INTO `roles` (`role_name`) VALUES ('Гость'), ('Авторизированный клиент'), ('Менеджер'), ('Администратор');
INSERT INTO `order_statuses` (`status_name`) VALUES ('Завершен'), ('Новый');
INSERT INTO `categories` (`name`) VALUES ('Защита лица, глаз, головы'), ('Общестроительные материалы'), ('Ручной инструмент'), ('Стеновые и фасадные материалы'), ('Сухие строительные смеси и гидроизоляция');
INSERT INTO `manufacturers` (`name`) VALUES ('Armero'), ('Delta'), ('Hesler'), ('Husqvarna'), ('KILIMGRIN'), ('Knauf'), ('MixMaster'), ('RUIZ'), ('Vinylon'), ('Weber'), ('Wenzo Roma'), ('ВОЛМА'), ('Изостронг'), ('Исток'), ('ЛСР'), ('М500'), ('Павловский завод');
INSERT INTO `suppliers` (`name`) VALUES ('Armero'), ('Delta'), ('Hesler'), ('Husqvarna'), ('KILIMGRIN'), ('Knauf'), ('MixMaster'), ('RUIZ'), ('Vinylon'), ('Weber'), ('Wenzo Roma'), ('ВОЛМА'), ('Изостронг'), ('Исток'), ('ЛСР'), ('М500'), ('Павловский завод');
INSERT INTO `users` (`role_id`, `full_name`, `login`, `password_plain`) VALUES (4, 'Ворсин Петр Евгеньевич', '94d5ous@gmail.com', 'uzWC67'), (4, 'Старикова Елена Павловна', 'uth4iz@mail.com', '2L6KZG'), (4, 'Одинцов Серафим Артёмович', 'yzls62@outlook.com', 'JlFRCZ'), (3, 'Степанов Михаил Артёмович', '1diph5e@tutanota.com', '8ntwUp'), (3, 'Ворсин Петр Евгеньевич', 'tjde7c@yahoo.com', 'YOyhfR'), (3, 'Старикова Елена Павловна', 'wpmrc3do@tutanota.com', 'RSbvHv'), (2, 'Михайлюк Анна Вячеславовна', '5d4zbu@tutanota.com', 'rwVDh9'), (2, 'Ситдикова Елена Анатольевна', 'ptec8ym@yahoo.com', 'LdNyos'), (2, 'Никифорова Весения Николаевна', '1qz4kw@mail.com', 'gynQMT'), (2, 'Сазонов Руслан Германович', '4np6se@mail.com', 'AtnDjr');
INSERT INTO `products` (`article`, `name`, `unit_name`, `price`, `supplier_id`, `manufacturer_id`, `category_id`, `discount_percent`, `stock_quantity`, `description_text`, `photo_file`) VALUES ('PMEZMH', 'Цемент', 'шт.', '440', 16, 16, 2, '8', '34', 'Цемент Евроцемент М500 Д0 ЦЕМ I 42,5 50 кг', 'PMEZMH.jpg'), ('BPV4MM', 'Пленка техническая', 'шт.', '8', 13, 13, 2, '8', '2', 'Пленка техническая полиэтиленовая Изостронг 60 мк 3 м рукав 1,5 м, пог.м', 'BPV4MM.jpg'), ('JVL42J', 'Пленка техническая', 'шт.', '13', 13, 13, 2, '4', '34', 'Пленка техническая полиэтиленовая Изостронг 100 мк 3 м рукав 1,5 м, пог.м', 'JVL42J.jpg'), ('F895RB', 'Песок строительный', 'шт.', '102', 6, 6, 2, '6', '7', 'Песок строительный 50 кг', 'F895RB.jpg'), ('3XBOTN', 'Керамзит фракция', 'шт.', '110', 7, 7, 2, '5', '21', 'Керамзит фракция 10-20 мм 0,05 куб.м', '3XBOTN.jpg'), ('3L7RCZ', 'Газобетон', 'шт.', '7400', 15, 15, 4, '2', '20', 'Газобетон ЛСР 100х250х625 мм D400', '3L7RCZ.jpg'), ('S72AM3', 'Пазогребневая плита', 'шт.', '500', 12, 12, 4, '5', '35', 'Пазогребневая плита ВОЛМА Гидро 667х500х80 мм полнотелая', 'S72AM3.jpg'), ('2G3280', 'Угол наружный', 'шт.', '795', 9, 9, 4, '9', '20', 'Угол наружный Vinylon 3050 мм серо-голубой', '2G3280.jpg'), ('MIO8YV', 'Кирпич', 'шт.', '30', 12, 12, 4, '9', '31', 'Кирпич рядовой Боровичи полнотелый М150 250х120х65 мм 1NF', 'MIO8YV.jpg'), ('UER2QD', 'Скоба для пазогребневой плиты', 'шт.', '25', 6, 6, 4, '8', '27', 'Скоба для пазогребневой плиты Knauf С1 120х100 мм', 'UER2QD.jpg'), ('ZR70B4', 'Кирпич', 'шт.', '16', 17, 17, 4, '3', '0', 'Кирпич рядовой силикатный Павловский завод полнотелый М200 250х120х65 мм 1NF', NULL), ('LPDDM4', 'Штукатурка гипсовая', 'шт.', '500', 6, 6, 5, '6', '38', 'Штукатурка гипсовая Knauf Ротбанд 30 кг', NULL), ('LQ48MW', 'Штукатурка гипсовая', 'шт.', '462', 10, 10, 5, '6', '33', 'Штукатурка гипсовая Knauf МП-75 машинная 30 кг', NULL), ('O43COU', 'Шпаклевка', 'шт.', '750', 12, 12, 5, '1', '16', 'Шпаклевка полимерная Weber.vetonit LR + для сухих помещений белая 20 кг', NULL), ('M26EXW', 'Клей для плитки, керамогранита и камня', 'шт.', '340', 6, 6, 5, '8', '0', 'Клей для плитки, керамогранита и камня Крепс Усиленный серый (класс С1) 25 кг', NULL), ('K0YACK', 'Смесь цементно-песчаная', 'шт.', '160', 7, 7, 5, '8', '19', 'Смесь цементно-песчаная (ЦПС) 300 по ТУ MixMaster Универсал 25 кг', NULL), ('ASPXSG', 'Ровнитель', 'шт.', '711', 10, 10, 5, '10', '20', 'Ровнитель (наливной пол) финишный Weber.vetonit 4100 самовыравнивающийся высокопрочный 20 кг', NULL), ('ZKQ5FF', 'Лезвие для ножа', 'шт.', '65', 3, 3, 3, '6', '6', 'Лезвие для ножа Hesler 18 мм прямое (10 шт.)', NULL), ('4WZEOT', 'Лезвие для ножа', 'шт.', '110', 1, 1, 3, '6', '17', 'Лезвие для ножа Armero 18 мм прямое (10 шт.)', NULL), ('4JR1HN', 'Шпатель', 'шт.', '26', 3, 3, 3, '6', '7', 'Шпатель малярный 100 мм с пластиковой ручкой', NULL), ('Z3XFSP', 'Нож строительный', 'шт.', '63', 3, 3, 3, '8', '5', 'Нож строительный Hesler 18 мм с ломающимся лезвием пластиковый корпус', NULL), ('I6MH89', 'Валик', 'шт.', '326', 11, 11, 3, '12', '3', 'Валик Wenzo Roma полиакрил 250 мм ворс 18 мм для красок грунтов и антисептиков на водной основе с рукояткой', NULL), ('83M5ME', 'Кисть', 'шт.', '122', 1, 1, 3, '9', '26', 'Кисть плоская смешанная щетина 100х12 мм для красок и антисептиков на водной основе', NULL), ('61PGH3', 'Очки защитные', 'шт.', '184', 5, 5, 1, '6', '25', 'Очки защитные Delta Plus KILIMANDJARO (KILIMGRIN) открытые с прозрачными линзами', NULL), ('GN6ICZ', 'Каска защитная', 'шт.', '154', 14, 14, 1, '15', '8', 'Каска защитная Исток (КАС001О) оранжевая', NULL), ('Z3LO0U', 'Очки защитные', 'шт.', '228', 8, 8, 1, '9', '11', 'Очки защитные Delta Plus RUIZ (RUIZ1VI) закрытые с прозрачными линзами', NULL), ('QHNOKR', 'Маска защитная', 'шт.', '251', 14, 14, 1, '2', '22', 'Маска защитная Исток (ЩИТ001) ударопрочная и термостойкая', NULL), ('EQ6RKO', 'Подшлемник', 'шт.', '36', 4, 4, 1, '17', '22', 'Подшлемник для каски одноразовый', NULL), ('81F1WG', 'Каска защитная', 'шт.', '1500', 2, 2, 1, '2', '13', 'Каска защитная Delta Plus BASEBALL DIAMOND V UP (DIAM5UPBCFLBS) белая', NULL), ('0YGHZ7', 'Очки защитные', 'шт.', '700', 4, 4, 1, '9', '36', 'Очки защитные Husqvarna Clear (5449638-01) открытые с прозрачными линзами', NULL);
INSERT INTO `pickup_points` (`address_text`) VALUES ('420151, г. Лесной, ул. Вишневая, 32'), ('125061, г. Лесной, ул. Подгорная, 8'), ('630370, г. Лесной, ул. Шоссейная, 24'), ('400562, г. Лесной, ул. Зеленая, 32'), ('614510, г. Лесной, ул. Маяковского, 47'), ('410542, г. Лесной, ул. Светлая, 46'), ('620839, г. Лесной, ул. Цветочная, 8'), ('443890, г. Лесной, ул. Коммунистическая, 1'), ('603379, г. Лесной, ул. Спортивная, 46'), ('603721, г. Лесной, ул. Гоголя, 41'), ('410172, г. Лесной, ул. Северная, 13'), ('614611, г. Лесной, ул. Молодежная, 50'), ('454311, г.Лесной, ул. Новая, 19'), ('660007, г.Лесной, ул. Октябрьская, 19'), ('603036, г. Лесной, ул. Садовая, 4'), ('394060, г.Лесной, ул. Фрунзе, 43'), ('410661, г. Лесной, ул. Школьная, 50'), ('625590, г. Лесной, ул. Коммунистическая, 20'), ('625683, г. Лесной, ул. 8 Марта'), ('450983, г.Лесной, ул. Комсомольская, 26'), ('394782, г. Лесной, ул. Чехова, 3'), ('603002, г. Лесной, ул. Дзержинского, 28'), ('450558, г. Лесной, ул. Набережная, 30'), ('344288, г. Лесной, ул. Чехова, 1'), ('614164, г.Лесной,  ул. Степная, 30'), ('394242, г. Лесной, ул. Коммунистическая, 43'), ('660540, г. Лесной, ул. Солнечная, 25'), ('125837, г. Лесной, ул. Шоссейная, 40'), ('125703, г. Лесной, ул. Партизанская, 49'), ('625283, г. Лесной, ул. Победы, 46'), ('614753, г. Лесной, ул. Полевая, 35'), ('426030, г. Лесной, ул. Маяковского, 44'), ('450375, г. Лесной ул. Клубная, 44'), ('625560, г. Лесной, ул. Некрасова, 12'), ('630201, г. Лесной, ул. Комсомольская, 17'), ('190949, г. Лесной, ул. Мичурина, 26');
INSERT INTO `orders` (`order_number`, `article_text`, `order_date`, `delivery_date`, `pickup_point_id`, `client_user_id`, `pickup_code`, `status_id`) VALUES ('1', 'PMEZMH, 2, BPV4MM, 2', '2025-02-27', '2025-04-20', '1', 7, '901', 1), ('2', 'JVL42J, 1, F895RB, 1', '2024-09-28', '2025-04-21', '11', 8, '902', 1), ('3', '3XBOTN, 10, 3L7RCZ, 10', '2025-03-21', '2025-04-22', '2', 9, '903', 1), ('4', 'S72AM3, 5, 2G3280, 4', '2025-02-20', '2025-04-23', '11', 10, '904', 1), ('5', 'MIO8YV, 2, UER2QD, 2', '2025-03-17', '2025-04-24', '2', 7, '905', 1), ('6', 'ZR70B4, 1, LPDDM4, 1', '2025-03-01', '2025-04-25', '15', 8, '906', 1), ('7', 'LQ48MW, 10, O43COU8, 10', '2025-02-30', '2025-04-26', '3', 9, '907', 1), ('8', 'M26EXW, 5, K0YACK, 4', '2025-03-31', '2025-04-27', '19', 10, '908', 2), ('9', 'ASPXSG, 5, ZKQ5FF, 1', '2025-04-02', '2025-04-28', '5', 9, '909', 2), ('10', '4WZEOT, 5, 4JR1HN, 5', '2025-04-03', '2025-04-29', '19', 10, '910', 2);

ALTER TABLE `users` ADD CONSTRAINT `fk_users_roles` FOREIGN KEY (`role_id`) REFERENCES `roles` (`role_id`) ON UPDATE CASCADE;
ALTER TABLE `products` ADD CONSTRAINT `fk_products_categories` FOREIGN KEY (`category_id`) REFERENCES `categories` (`category_id`) ON UPDATE CASCADE;
ALTER TABLE `products` ADD CONSTRAINT `fk_products_manufacturers` FOREIGN KEY (`manufacturer_id`) REFERENCES `manufacturers` (`manufacturer_id`) ON UPDATE CASCADE;
ALTER TABLE `products` ADD CONSTRAINT `fk_products_suppliers` FOREIGN KEY (`supplier_id`) REFERENCES `suppliers` (`supplier_id`) ON UPDATE CASCADE;
ALTER TABLE `orders` ADD CONSTRAINT `fk_orders_pickup_points` FOREIGN KEY (`pickup_point_id`) REFERENCES `pickup_points` (`pickup_point_id`) ON UPDATE CASCADE;
ALTER TABLE `orders` ADD CONSTRAINT `fk_orders_statuses` FOREIGN KEY (`status_id`) REFERENCES `order_statuses` (`status_id`) ON UPDATE CASCADE;
ALTER TABLE `orders` ADD CONSTRAINT `fk_orders_users` FOREIGN KEY (`client_user_id`) REFERENCES `users` (`user_id`) ON DELETE SET NULL ON UPDATE CASCADE;
ALTER TABLE `order_items` ADD CONSTRAINT `fk_order_items_order` FOREIGN KEY (`order_id`) REFERENCES `orders` (`order_id`) ON DELETE CASCADE ON UPDATE CASCADE;
ALTER TABLE `order_items` ADD CONSTRAINT `fk_order_items_product` FOREIGN KEY (`product_id`) REFERENCES `products` (`product_id`) ON UPDATE CASCADE;
COMMIT;
